https://www.fsb.org.uk/ems/EventCalendar/addEventToCalendar/,https://events.fsb.org.uk/en/8d2bI2X7,301,TRUE
https://www.fsb.org.uk/ems-event-booking-page.html,https://events.fsb.org.uk/en/8d2bI2X7,301,TRUE
https://www.fsb.org.uk/event,https://events.fsb.org.uk/en/8d2bI2X7,301,TRUE
https://www.fsb.org.uk/event-calendar.html,https://events.fsb.org.uk/en/8d2bI2X7,301,TRUE
https://www.fsb.org.uk/event-calendar,https://events.fsb.org.uk/en/8d2bI2X7,301,TRUE
https://www.fsb.org.uk/event-calendar/big-networking-for-small-businesses-mar-2025.html,https://events.fsb.org.uk/en/8d2bI2X7,301,TRUE
https://www.fsb.org.uk/event-calendar/cardiff-networking-by-fsb-and-hsbc-6-feb-2025.html,https://events.fsb.org.uk/en/8d2bI2X7,301,TRUE
https://www.fsb.org.uk/event-calendar/cards-cocktails-canapes-essex-small-business-networking-halloween-special-30thoct24.html,https://events.fsb.org.uk/en/8d2bI2X7,301,TRUE
https://www.fsb.org.uk/event-calendar/clacton-on-sea-in-person-networking-essex-25thjan23.html,https://events.fsb.org.uk/en/8d2bI2X7,301,TRUE
https://www.fsb.org.uk/event-calendar/east-anglia-virtual-networking-9nov23.html,https://events.fsb.org.uk/en/8d2bI2X7,301,TRUE
https://www.fsb.org.uk/event-calendar/east-london-borders-vn28march24.html,https://events.fsb.org.uk/en/8d2bI2X7,301,TRUE
https://www.fsb.org.uk/event-calendar/ebbsfleet-networking-23rdnov23.html,https://events.fsb.org.uk/en/8d2bI2X7,301,TRUE
https://www.fsb.org.uk/event-calendar/edinburgh-networking-by-fsb-and-hsbc.html,https://events.fsb.org.uk/en/8d2bI2X7,301,TRUE
https://www.fsb.org.uk/event-calendar/fsb-bootcamp-glow-up-your-business-25jun.html,https://events.fsb.org.uk/en/8d2bI2X7,301,TRUE
https://www.fsb.org.uk/event-calendar/fsb-business-bootcamp-activate-your-ambition.html,https://events.fsb.org.uk/en/8d2bI2X7,301,TRUE
https://www.fsb.org.uk/event-calendar/fsb-business-bootcamp-mid-year-momentum-4-june-25.html,https://events.fsb.org.uk/en/8d2bI2X7,301,TRUE
https://www.fsb.org.uk/event-calendar/fsb-business-bootcamp-sales-and-marketing-2024.html,https://events.fsb.org.uk/en/8d2bI2X7,301,TRUE
https://www.fsb.org.uk/event-calendar/fsb-networking-at-the-foundry-poole-021024.html,https://events.fsb.org.uk/en/8d2bI2X7,301,TRUE
https://www.fsb.org.uk/event-calendar/inner-london-south-vn5dec23.html,https://events.fsb.org.uk/en/8d2bI2X7,301,TRUE
https://www.fsb.org.uk/event-calendar/inner-london-south-vn7nov23.html,https://events.fsb.org.uk/en/8d2bI2X7,301,TRUE
https://www.fsb.org.uk/event-calendar/north-east-mayoral-hustings-march2024.html,https://events.fsb.org.uk/en/8d2bI2X7,301,TRUE
https://www.fsb.org.uk/event-calendar/scotland-2023-awards-080323.html,https://events.fsb.org.uk/en/8d2bI2X7,301,TRUE
https://www.fsb.org.uk/event-calendar/scotland-virtual-networking-090724.html,https://events.fsb.org.uk/en/8d2bI2X7,301,TRUE
https://www.fsb.org.uk/event-calendar/scotland-virtual-networking-20-mar.html,https://events.fsb.org.uk/en/8d2bI2X7,301,TRUE
https://www.fsb.org.uk/event-calendar/slough-in-person-3-dec.html,https://events.fsb.org.uk/en/8d2bI2X7,301,TRUE
https://www.fsb.org.uk/event-calendar/somerset-and-north-somerset-virtual-networking-020524.html,https://events.fsb.org.uk/en/8d2bI2X7,301,TRUE
https://www.fsb.org.uk/event-calendar/the-ai-era-is-here-are-you-ready.html,https://events.fsb.org.uk/en/8d2bI2X7,301,TRUE
https://www.fsb.org.uk/event-calendar/unlocking-value-from-space-generate-commercial-economic-and-social-impact.html,https://events.fsb.org.uk/en/8d2bI2X7,301,TRUE
https://www.fsb.org.uk/event-calendar/west-yorkshire-virtual-networking-02may.html,https://events.fsb.org.uk/en/8d2bI2X7,301,TRUE
https://www.fsb.org.uk/eventschange,https://events.fsb.org.uk/en/8d2bI2X7,301,TRUE
https://www.fsb.org.uk/benefits/support/regional-networking-events,https://events.fsb.org.uk/en/8d2bI2X7,301,TRUE
