https://www.fsb.org.uk/asset/$3E00B33C-2B62-40C3-96532DF817DFC8B3/,https://www.fsb.org.uk,301,TRUE
https://www.fsb.org.uk/docs/d,https://www.fsb.org.uk,301,TRUE
https://www.fsb.org.uk/docs/default-source/fsb-org-uk/appg-housing-report-final.pdf,https://www.fsb.org.uk,301,TRUE
https://www.fsb.org.uk/docs/default-source/fsb-org-uk/energy-report--jan-04-2017.pdf,https://www.fsb.org.uk,301,TRUE
https://www.fsb.org.uk/docs/default-source/fsb-org-uk/fsb-mtd-pwc-report.p,https://www.fsb.org.uk,301,TRUE
https://www.fsb.org.uk/docs/default-source/fsb-org-uk/fsb-productivity-report.pdf,https://www.fsb.org.uk,301,TRUE
https://www.fsb.org.uk/docs/default-source/fsb-org-uk/fsb-report---late-,https://www.fsb.org.uk,301,TRUE
https://www.fsb.org.uk/docs/default-source/fsb-org-uk/fsb-sbi-q1-2018-v03.pdf,https://www.fsb.org.uk,301,TRUE
https://www.fsb.org.uk/docs/default-source/fsb-org-uk/fsb-sbi-q4-2018-final.pdf,https://www.fsb.org.uk,301,TRUE
https://www.fsb.org.uk/docs/default-source/fsb-org-uk/fsb-supporting-self-employment-ukf15f3abb4fa86562a286ff0000dc48fe.pdf,https://www.fsb.org.uk,301,TRUE
https://www.fsb.org.uk/docs/default-source/fsb-org-uk/fsb-women-;in-enterprise-the-untapped-potentialfebc2bbb4fa86562a286ff0000dc48fe.pdf,https://www.fsb.org.uk,301,TRUE
https://www.fsb.org.uk/docs/default-source/fsb-org-uk/late-payment-guide.pdf,https://www.fsb.org.uk,301,TRUE
https://www.fsb.org.uk/docs/default-source/fsb-org-uk/policy/assets/lifting-the-barriers-2004.pdf,https://www.fsb.org.uk,301,TRUE
https://www.fsb.org.uk/docs/default-source/fsb-org-uk/policy/rpu/wales/assets/fsb-entrepreneurship-culture-report-english-website.pdf,https://www.fsb.org.uk,301,TRUE
https://www.fsb.org.uk/docs/default-source/fsb-org-uk/reformed-business-funding.pdf,https://www.fsb.org.uk,301,TRUE
https://www.fsb.org.uk/docs/default-source/fsb-org-uk/supply-chains-report-final.pdf,https://www.fsb.org.uk,301,TRUE
https://www.fsb.org.uk/docs/default-source/fsb-org-uk/tied-up-unravelling-the-dispute-resolution-,https://www.fsb.org.uk,301,TRUE
https://www.fsb.org.uk/docs/default-source/fsb-org-uk/ulez-consultation---fsb-response---june-2016-final-2.pdf,https://www.fsb.org.uk,301,TRUE
https://www.fsb.org.uk/docs/default-source/making-tax-digital/what-is-making-tax-digital1a4d70bd4fa86562a286ff0000dc48fe.pdf,https://www.fsb.org.uk,301,TRUE
https://www.fsb.org.uk/docs/default-source/Publications/policy/assets/fsb-the-fourth-utility-paper.pdf,https://www.fsb.org.uk,301,TRUE
https://www.fsb.org.uk/docs/default-source/Publications/policy/rpu/scotland/assets/publi_spec_ukprocuresummary_july2013.pdf,https://www.fsb.org.uk,301,TRUE
https://www.fsb.org.uk/docs/defaultsource/Publications/publi_spec_tourism_aug2014_v2.pdf,https://www.fsb.org.uk,301,TRUE
https://www.fsb.org.uk/docs/default-source/Publications/reports/fsb-retail-distribu-,https://www.fsb.org.uk,301,TRUE
https://www.fsb.org.uk/docs/default-source/Publications/the-contribution-of-small-businesses-,https://www.fsb.org.uk,301,TRUE
https://www.fsb.org.uk/fsb_admin/launcher/prefetchObjectRecordsForLauncher,https://www.fsb.org.uk,301,TRUE
https://www.fsb.org.uk/search.html,https://www.fsb.org.uk,301,TRUE
https://www.fsb.org.uk/search,https://www.fsb.org.uk,301,TRUE
https://www.fsb.org.uk/static/02e69742-ada7-4e60-94cb73ef9110eb01/Commercial-Director.pdf,https://www.fsb.org.uk,301,TRUE
https://www.fsb.org.uk/static/0428c020-18a7-4543-b9073324fb2d84f9/7ae6ce4d-a20f-4f4e-a545b1b262741516/Our-Business-is-Wales-FSBs-Vision-for-2021-2026.pdf,https://www.fsb.org.uk,301,TRUE
https://www.fsb.org.uk/static/26207c93-8831-4bc2-a3211176ed2d1f08/Essex-University-Business-School-Map-and-Directions.pdf,https://www.fsb.org.uk,301,TRUE
https://www.fsb.org.uk/static/2bc5a812-39bf-4f84-8e6a1bc2bd3f4a71/Back-to-the-Start-up-Full-Report.pdf,https://www.fsb.org.uk,301,TRUE
https://www.fsb.org.uk/static/2bfbf9dd-1bbc-4900-9652ac136aac95a9/Active-Travel-A-guide-for-Employees-and-Employers.pdf,https://www.fsb.org.uk,301,TRUE
https://www.fsb.org.uk/static/3328dc96-7b97-41c7-9569d0572ad014cf/David-Perry-FSB-Insurance-Service-19-May-2021.pdf,https://www.fsb.org.uk,301,TRUE
https://www.fsb.org.uk/static/3801dc53-c407-48aa-a8184f17e3f7ca62/FSB-Policy-Report-The-Future-of-the-High-Street.pdf,https://www.fsb.org.uk,301,TRUE
https://www.fsb.org.uk/static/44b1de60-6ddf-4549-906ee93da3b759c2/northern-ireland-as-an-enhanced-economic-zone-fsb-ni.pdf,https://www.fsb.org.uk,301,TRUE
https://www.fsb.org.uk/static/517120db-,https://www.fsb.org.uk,301,TRUE
https://www.fsb.org.uk/static/517120db-2555-473f-a6ceb5c661d569fb/Time-to-Act.pdf,https://www.fsb.org.uk,301,TRUE
https://www.fsb.org.uk/static/55d9608d-a105-4e4e-a355398b95167ebb/FSB-Confidence-Report-May-2024.pdf,https://www.fsb.org.uk,301,TRUE
https://www.fsb.org.uk/static/6801c53a-39d7-4db5-997faae64673fcf5/FSB-Scotland-response-consultation-on-Community-Wealth-Building.pdf,https://www.fsb.org.uk,301,TRUE
https://www.fsb.org.uk/static/708a8b56-d3e7-4a75-8b574f38ebd2dbae/65470a3b-eb84-4d6d-b7db4680a7326acd/FSB-Workplace-Pensions-Roger-Jervis-Case-Study.pdf,https://www.fsb.org.uk,301,TRUE
https://www.fsb.org.uk/static/7238f7e3-f1c9-4dbb-878a3ccbdc65ff4e/FSB-Wellbeing-mental-health-campaign.pdf,https://www.fsb.org.uk,301,TRUE
https://www.fsb.org.uk/static/757d34cf-5dd2-48f0-b2ed02a7bd6656ea/Treating-Smaller-Businesses-Like-Consumers-Unfair-Contract-Terms.pdf,https://www.fsb.org.uk,301,TRUE
https://www.fsb.org.uk/static/821ca5ca-f8f2-4163-8854bffdcf663d08/FSB-South-West-Small-Business-Index-Q2-2021.pdf,https://www.fsb.org.uk,301,TRUE
https://www.fsb.org.uk/static/870a4bf1-5dce-4bf8-9ccf55edec92efa1/FSB-YHNE-SBI-Q2-2022.pdf,https://www.fsb.org.uk,301,TRUE
https://www.fsb.org.uk/static/8858c10e-fa8a-4ed5-bbfb70babfd2d316/fsb-back-to-business-manifesto-2019.pdf,https://www.fsb.org.uk,301,TRUE
https://www.fsb.org.uk/static/90879a04-ecfb-4702-96d3b18c82949b9b/FSB-Scotland-Small-Business-Index-Q3-2015.pdf,https://www.fsb.org.uk,301,TRUE
https://www.fsb.org.uk/static/9942f4ce-773c-4fa2-a40aa3b09a129c35/4c7e0bcf-deaa-4e30-a09f4d2bebb46cd1/FSB-Time-is-Money.pdf,https://www.fsb.org.uk,301,TRUE
https://www.fsb.org.uk/static/a3e38c62-94de-4c64-b8d073efa8f93237/FSB-COVID-Funding-Flowchart-A4-SCOTLAND.pdf,https://www.fsb.org.uk,301,TRUE
https://www.fsb.org.uk/static/a4fd1009-6f27-4a3d-81c238fa9b049020/Locked-Out-The-Impact-of-Bank-Branch-Closures-on-Small-Businesses.pdf,https://www.fsb.org.uk,301,TRUE
https://www.fsb.org.uk/static/a8fa80a1-b61a-4d0a-953cf4c3212ca79b/2e749dbe-9092-4c0e-ada34445a483ab9b/FSB-COVID-Funding-Flowchart-A4-ENGLAND.pdf,https://www.fsb.org.uk,301,TRUE
https://www.fsb.org.uk/static/b51e56d3-79d9-4611-,https://www.fsb.org.uk,301,TRUE
https://www.fsb.org.uk/static/c3e5e0a2-b043-4a24-82c70e638cbf91ea/A-Fighting-Chance-December-2020.pdf,https://www.fsb.org.uk,301,TRUE
https://www.fsb.org.uk/static/cffe47d3-c145-470f-bffcfa40db0a38e0/FSB-Senior-Policy-Manager-JDPS-January-2022.pdf,https://www.fsb.org.uk,301,TRUE
https://www.fsb.org.uk/static/d3b930ea-2305-4456-84c6c89134a09323/Workplace-Health-Wiltshire-A5-Poster-v1.pdf,https://www.fsb.org.uk,301,TRUE
https://www.fsb.org.uk/static/d97b063e-8ed0-4ede-a2a52bc1dcafd56e/FSB-Training-course-list-and-pricing-Nov23.pdf,https://www.fsb.org.uk,301,TRUE
https://www.fsb.org.uk/static/df5fa3e5-129b-4b39-9406e7d2905b3aaa/FSB-5007-SE-SBI-Q2-2023-Report.pdf,https://www.fsb.org.uk,301,TRUE
https://www.fsb.org.uk/static/e84afd63-17cc-4a06-8ead81e4bc5ee20d/FSB-Voice-of-Small-Business-Index-2014-Q2-FSB-uncovers-a-growing-skills-gap-as-small-firms-confidence-hits-an-all-time-high.pdf,https://www.fsb.org.uk,301,TRUE
https://www.fsb.org.uk/static/f0e11c2e-55c7-49be-b35b8590e6a9d407/SWEF-leaflet.pdf,https://www.fsb.org.uk,301,TRUE
https://www.fsb.org.uk/static/fa586fa9-2753-41ea-a37470b755ae8100/FSB-Report-A-Duty-to-Reform.pdf,https://www.fsb.org.uk,301,TRUE
https://www.fsb.org.uk/static/fedf6d05-6221-491f-be5dedfb1703bc43/a4f0e0a2-cd46-4dc7-b017ed9eabd7f031/Member-Legal-Protection-Scheme-Guide.pdf,https://www.fsb.org.uk,301,TRUE
https://www.fsb.org.uk/static/ff8a8259-e8ed-4858-825e5390c58a3153/FSB-Media-and-Communications-Officer-May-2022.pdf,https://www.fsb.org.uk,301,TRUE
https://www.fsb.org.uk/campaign/small-business-sustainability-hub.html,https://www.fsb.org.uk/resources/content-hubs/small-business-sustainability-hub,301,TRUE
https://www.fsb.org.uk/campaign/small-business-sustainability-hub,https://www.fsb.org.uk/resources/content-hubs/small-business-sustainability-hub,301,TRUE
https://www.fsb.org.uk/membership/fsb-member-benefits/occupational-health.html,https://www.fsb.org.uk/membership/benefits/occupational-health,301,TRUE
https://www.fsb.org.uk/membership/fsb-member-benefits/occupational-health,https://www.fsb.org.uk/membership/benefits/occupational-health,301,TRUE
