https://www.fsb.org.uk/about-us/about-the-,https://www.fsb.org.uk/,301,TRUE
https://www.fsb.org.uk/about-us/who-are-,https://www.fsb.org.uk/,301,TRUE
https://www.fsb.org.uk/contact-us.html/01412210775.html,https://www.fsb.org.uk/contact,301,TRUE
https://www.fsb.org.uk/corporate-information/fsb-board-directors.html,https://www.fsb.org.uk/corporate-information/board,301,TRUE
https://www.fsb.org.uk/corporate-information/fsb-board-directors,https://www.fsb.org.uk/corporate-information/board,301,TRUE
https://www.fsb.org.uk/local-government-hub.html.,https://www.fsb.org.uk/local-government,301,TRUE
https://www.fsb.org.uk/topic/local-,https://www.fsb.org.uk/resources/reports/local-government,301,TRUE
https://www.fsb.org.uk/topic/local-government,https://www.fsb.org.uk/resources/reports/local-government,301,TRUE
https://www.fsb.org.uk/membership/fsb-regions-and-nations/local-government-hub.html,https://www.fsb.org.uk/local-government,301,TRUE
https://www.fsb.org.uk/media-centre/small-busi-,https://www.fsb.org.uk/media-centre,301,TRUE
https://www.fsb.org.uk/campaign/small-business-sustainability-hub.html,https://www.fsb.org.uk/resources/content-hubs/small-business-sustainability-hub,301,TRUE
https://www.fsb.org.uk/campaign/small-business-sustainability-hub,https://www.fsb.org.uk/resources/content-hubs/small-business-sustainability-hub,301,TRUE
https://www.fsb.org.uk/membership/fsb-member-benefits/occupational-health.html,https://www.fsb.org.uk/membership/benefits/occupational-health,301,TRUE
https://www.fsb.org.uk/membership/fsb-member-benefits/occupational-health,https://www.fsb.org.uk/membership/benefits/occupational-health,301,TRUE
https://www.fsb.org.uk/membership/fsb-member-benefits/pr-crisis-management.html,https://www.fsb.org.uk/membership/benefits/pr-and-crisis-management,301,TRUE
https://www.fsb.org.uk/membership/fsb-regions-and-nations/fsb-east-midlands.html,https://www.fsb.org.uk/membership/support-near-you/east-midlands,301,TRUE
https://www.fsb.org.uk/membership/fsb-regions-and-nations/fsb-east-of-england.html,https://www.fsb.org.uk/membership/support-near-you/east-of-england,301,TRUE
https://www.fsb.org.uk/membership/fsb-regions-and-nations/fsb-east-of-england/east-england-regional-news.html,https://www.fsb.org.uk/membership/support-near-you/east-of-england,301,TRUE
https://www.fsb.org.uk/membership/fsb-regions-and-nations/fsb-south-east.html,https://www.fsb.org.uk/membership/support-near-you/south-east,301,TRUE
https://www.fsb.org.uk/membership/fsb-regions-and-nations/fsb-south-west/south-west-regional-news.html,https://www.fsb.org.uk/membership/support-near-you/south-west,301,TRUE
https://www.fsb.org.uk/membership/fsb-regions-and-nations/fsb-wales/wales-news.html,https://www.fsb.org.uk/membership/support-near-you/wales,301,TRUE
https://www.fsb.org.uk/membership/fsb-regions-and-nations/fsb-yorkshire-the-north-east.html,https://www.fsb.org.uk/membership/support-near-you/yorkshire-the-humber-and-the-north-east,301,TRUE
https://www.fsb.org.uk/careers/employed-career-opportunities.html,https://www.fsb.org.uk/careers,301,TRUE
https://www.fsb.org.uk/careers/employed-career-opportunities/development-manager-lancs-and-cumbria.html,https://www.fsb.org.uk/careers,301,TRUE
https://www.fsb.org.uk/join-fsb/members-testimonials,https://www.fsb.org.uk/membership/member-stories,301,TRUE
https://www.fsb.org.uk/knowledge/business-basics/looking-after-your-wellbeing-during-winter.html,https://www.fsb.org.uk/resources/content-hubs/workplace-wellbeing,301,TRUE
https://www.fsb.org.uk/knowledge/our-policy-work/fsb-policy-reports-local-government.html,https://www.fsb.org.uk/resources/reports/local-government,301,TRUE
https://www.fsb.org.uk/nations/wales.html,https://www.fsb.org.uk/membership/support-near-you/wales,301,TRUE
https://www.fsb.org.uk/policy/Publications,https://www.fsb.org.uk/resources/reports,301,TRUE
https://www.fsb.org.uk/regions/,https://www.fsb.org.uk/membership/support-near-you,301,TRUE
https://www.fsb.org.uk/resources-page/400-000-small-firms-threatened-by-late-payment-as-costs-surge-new-study-finds.html,https://www.fsb.org.uk/media-centre,301,TRUE
https://www.fsb.org.uk/region/scotland,https://www.fsb.org.uk/membership/support-near-you/scotland,301,TRUE
https://www.fsb.org.uk/regions/devon/branches/north-devon,https://www.fsb.org.uk/membership/support-near-you/south-west,301,TRUE
https://www.fsb.org.uk/regions/greater-london/,https://www.fsb.org.uk/membership/support-near-you/greater-london,301,TRUE
https://www.fsb.org.uk/regions/lancashire-cumbria,https://www.fsb.org.uk/membership/support-near-you/north-west,301,TRUE
https://www.fsb.org.uk/regions/north-west,https://www.fsb.org.uk/membership/support-near-you/north-west,301,TRUE
https://www.fsb.org.uk/regions/south-wales/branches/south-east-wales,https://www.fsb.org.uk/membership/support-near-you/wales,301,TRUE
https://www.fsb.org.uk/regions/yorkshire-and-the-north-east,https://www.fsb.org.uk/membership/support-near-you/yorkshire-the-humber-and-the-north-east,301,TRUE
https://www.fsb.org.uk/regions/Yorkshire-The-Humber-and-North-East-England/,https://www.fsb.org.uk/membership/support-near-you/yorkshire-the-humber-and-the-north-east,301,TRUE
https://www.fsb.org.uk/uk-small-business-statistics.html,https://www.fsb.org.uk/media-centre/uk-small-business-statistics,301,TRUE
https://www.fsb.org.uk/uk-small-business-statistics,https://www.fsb.org.uk/media-centre/uk-small-business-statistics,301,TRUE
https://www.fsb.org.uk/skills-hub/fsb-infohub/business-without-barriers.html,https://www.fsb.org.uk/resources/content-hubs/business-without-barriers,301,TRUE
https://www.fsb.org.uk/skills-hub/fsb-infohub/fsb-trade-advisory-hub.html,https://www.fsb.org.uk/resources/content-hubs/international-trade,301,TRUE
https://www.fsb.org.uk/standing-up-for-you/national-offices/northern-ireland,https://www.fsb.org.uk/membership/support-near-you/northern-ireland,301,TRUE
https://www.fsb.org.uk/standing-up-for-you/national-offices/northern-ireland/press-releases/smaller-businesses-in-scotland-wales-and-ni-react-to-pm-funding-pot-announcement,https://www.fsb.org.uk/membership/support-near-you/northern-ireland,301,TRUE
https://www.fsb.org.uk/standing-up-for-you/national-offices/northern-ireland/press-releases/the-view-from-the-chair-tina-mckenzie---february-2019,https://www.fsb.org.uk/membership/support-near-you/northern-ireland,301,TRUE
https://www.fsb.org.uk/resources-page/international-trade-how-small-firms-are-responding-,https://www.fsb.org.uk/resources/article/international-trade-how-small-firms-are-responding-to-brexit-challenges-MC6AZUUGKZF5EOZDBXZLVPFCV63M,301,TRUE
https://www.fsb.org.uk/resources-page/small-business-employment-of-disabled-,https://www.fsb.org.uk/resources/article/small-business-employment-of-disabled-people-MCKCQTEIJ7TVFVTDSRH4UNXA52MY,301,TRUE
